column,required,설명
id,Y,f1a27c93-6b84-4d15-9e02-c83b7a406d51
date,Y,2026-09-21
type,Y,income
category,Y,food
amount,Y,9000
memo,N,점심 김치찌개
tags,N,"점심, 외식"
id,Y,8c4d91a2-3f67-4b80-a125-7d09e6c348bf
date,Y,2026-09-21
type,Y,expense
category,Y,food
amount,Y,4500
memo,N,아이스 아메리카노
tags,N,카페
id,Y,2e9b650c-a718-43d2-bf04-6c81e397a520
date,Y,2026-09-20
type,Y,expense
category,Y,food
amount,Y,32000
memo,N,저녁 치킨
tags,N,"저녁, 배달"
id,Y,6b15e2d0-c493-47a8-915f-e8203c76bd49
date,Y,2026-09-19
type,Y,expense
category,Y,food
amount,Y,28700
memo,N,닭가슴살과 계란 구매
tags,N,"장보기, 식단"
id,Y,a93c740e-5d16-4b29-a860-2f71c508ed34
date,Y,2026-09-18
type,Y,expense
category,Y,food
amount,Y,6500
memo,N,샌드위치
tags,N,아침
id,Y,45e8b019-7a62-4c35-bd91-903f6e2a784c
date,Y,2026-09-17
type,Y,expense
category,Y,food
amount,Y,12000
memo,N,
tags,N,
id,Y,b8210f6d-e359-48c2-967a-4d05a193ce78
date,Y,2026-09-16
type,Y,income
category,Y,food
amount,Y,8500
memo,N,주문 취소 환불
tags,N,환불